Model,Best Params,CV Score (MAE),RMSE,MAE,R²,MAPE
XGBoost,"{'colsample_bytree': np.float64(0.8404460046972835), 'learning_rate': np.float64(0.22242177333881366), 'max_depth': 8, 'n_estimators': 102, 'subsample': np.float64(0.9879639408647978)}",4098.955047611107,11996.782152216796,3746.332436707556,0.8650223919517454,0.11473982387350463
Random Forest,"{'max_depth': 10, 'max_features': None, 'min_samples_leaf': 4, 'min_samples_split': 9, 'n_estimators': 298}",4737.834511718482,8011.023621721197,4055.5781826355424,0.9398122363240307,0.13242301097838316
CatBoost,"{'depth': 9, 'iterations': 102, 'l2_leaf_reg': 2, 'learning_rate': np.float64(0.22659963168004743)}",4620.640377526499,8417.923650815063,4240.653998715136,0.9335427834951797,0.13322064631731775
OLS (Linear Regression),{'fit_intercept': True},6564.741208207817,10937.134789093223,5610.545483657884,0.8878138326869064,0.18846646226339134
